canonical_team,display_name,source_team_ids,qualification
aurora,Aurora Gaming,9467224,direct
betboom,BoomBoys,8255888,direct
falcons,Team Falcons,9247354,direct
liquid,Team Liquid,2163,direct
onewin,Iron Wing,10182357|10150413,direct
xtreme,Xtreme Gaming,8261500|10208071,direct
yandex,Team Yandex,9823272,direct
spirit,Team Spirit,7119388,qualifier
vision,TEAM VISION,9572001|9824702,qualifier
nigma,Nigma Galaxy,7554697|10136357,qualifier
huligani,HULIGANI,10149530|9303383|10208009,qualifier
resilience,Team Resilience,5017210|10207984,qualifier
vici,Vici Gaming,726228,qualifier
og,OG,2586976,qualifier
gamerlegion,GamerLegion,9964962,qualifier
lgd,LGD Gaming,10150538|15,qualifier
