source_team_id,team,player,position,verified_date,source_url
9467224,Aurora Gaming,Nightfall,1,2026-08-03,https://liquipedia.net/dota2/The_International/2026
9467224,Aurora Gaming,Mikoto,2,2026-08-03,https://liquipedia.net/dota2/The_International/2026
9467224,Aurora Gaming,Ws,3,2026-08-03,https://liquipedia.net/dota2/The_International/2026
9467224,Aurora Gaming,Mira,4,2026-08-03,https://liquipedia.net/dota2/The_International/2026
9467224,Aurora Gaming,kaori,5,2026-08-03,https://liquipedia.net/dota2/The_International/2026
8255888,BoomBoys,Kiritych~,1,2026-08-03,https://liquipedia.net/dota2/The_International/2026
8255888,BoomBoys,gpk~,2,2026-08-03,https://liquipedia.net/dota2/The_International/2026
8255888,BoomBoys,MieRo,3,2026-08-03,https://liquipedia.net/dota2/The_International/2026
8255888,BoomBoys,Save-,4,2026-08-03,https://liquipedia.net/dota2/The_International/2026
8255888,BoomBoys,Kataomi,5,2026-08-03,https://liquipedia.net/dota2/The_International/2026
10182357,1w,Pure,1,2026-08-03,https://liquipedia.net/dota2/The_International/2026
10182357,1w,bzm,2,2026-08-03,https://liquipedia.net/dota2/The_International/2026
10182357,1w,33,3,2026-08-03,https://liquipedia.net/dota2/The_International/2026
10182357,1w,Ari,4,2026-08-03,https://liquipedia.net/dota2/The_International/2026
10182357,1w,Whitemon,5,2026-08-03,https://liquipedia.net/dota2/The_International/2026
9247354,Team Falcons,skiter,1,2026-08-03,https://liquipedia.net/dota2/The_International/2026
9247354,Team Falcons,Malr1ne,2,2026-08-03,https://liquipedia.net/dota2/The_International/2026
9247354,Team Falcons,ATF,3,2026-08-03,https://liquipedia.net/dota2/The_International/2026
9247354,Team Falcons,Cr1t-,4,2026-08-03,https://liquipedia.net/dota2/The_International/2026
9247354,Team Falcons,Sneyking,5,2026-08-03,https://liquipedia.net/dota2/The_International/2026
2163,Team Liquid,m1CKe,1,2026-08-03,https://liquipedia.net/dota2/The_International/2026
2163,Team Liquid,Nisha,2,2026-08-03,https://liquipedia.net/dota2/The_International/2026
2163,Team Liquid,Ace,3,2026-08-03,https://liquipedia.net/dota2/The_International/2026
2163,Team Liquid,Boxi,4,2026-08-03,https://liquipedia.net/dota2/The_International/2026
2163,Team Liquid,tOfu,5,2026-08-03,https://liquipedia.net/dota2/The_International/2026
9823272,Team Yandex,watson,1,2026-08-03,https://liquipedia.net/dota2/The_International/2026
9823272,Team Yandex,CHIRA_JUNIOR,2,2026-08-03,https://liquipedia.net/dota2/The_International/2026
9823272,Team Yandex,DM,3,2026-08-03,https://liquipedia.net/dota2/The_International/2026
9823272,Team Yandex,Saksa,4,2026-08-03,https://liquipedia.net/dota2/The_International/2026
9823272,Team Yandex,Malady,5,2026-08-03,https://liquipedia.net/dota2/The_International/2026
8261500,Xtreme Gaming,Ame,1,2026-08-03,https://liquipedia.net/dota2/The_International/2026
8261500,Xtreme Gaming,NothingToSay,2,2026-08-03,https://liquipedia.net/dota2/The_International/2026
8261500,Xtreme Gaming,Xxs,3,2026-08-03,https://liquipedia.net/dota2/The_International/2026
8261500,Xtreme Gaming,fy,4,2026-08-03,https://liquipedia.net/dota2/The_International/2026
8261500,Xtreme Gaming,xNova,5,2026-08-03,https://liquipedia.net/dota2/The_International/2026
7119388,Team Spirit,Yatoro,1,2026-08-03,https://liquipedia.net/dota2/The_International/2026
7119388,Team Spirit,Larl,2,2026-08-03,https://liquipedia.net/dota2/The_International/2026
7119388,Team Spirit,Collapse,3,2026-08-03,https://liquipedia.net/dota2/The_International/2026
7119388,Team Spirit,not me,4,2026-08-03,https://liquipedia.net/dota2/The_International/2026
7119388,Team Spirit,rue,5,2026-08-03,https://liquipedia.net/dota2/The_International/2026
9572001,TEAM VISION,Satanic,1,2026-08-03,https://liquipedia.net/dota2/The_International/2026
9572001,TEAM VISION,No[o]ne-,2,2026-08-03,https://liquipedia.net/dota2/The_International/2026
9572001,TEAM VISION,Noticed,3,2026-08-03,https://liquipedia.net/dota2/The_International/2026
9572001,TEAM VISION,9Class,4,2026-08-03,https://liquipedia.net/dota2/The_International/2026
9572001,TEAM VISION,Dukalis,5,2026-08-03,https://liquipedia.net/dota2/The_International/2026
7554697,Nigma Galaxy,SumaiL,1,2026-08-03,https://liquipedia.net/dota2/The_International/2026
7554697,Nigma Galaxy,lorenof,2,2026-08-03,https://liquipedia.net/dota2/The_International/2026
7554697,Nigma Galaxy,Davai,3,2026-08-03,https://liquipedia.net/dota2/The_International/2026
7554697,Nigma Galaxy,OmaR,4,2026-08-03,https://liquipedia.net/dota2/The_International/2026
7554697,Nigma Galaxy,GH,5,2026-08-03,https://liquipedia.net/dota2/The_International/2026
10149530,HULIGANI,ssnovv1,1,2026-08-03,https://liquipedia.net/dota2/The_International/2026
10149530,HULIGANI,Mirage`,2,2026-08-03,https://liquipedia.net/dota2/The_International/2026
10149530,HULIGANI,Corrupted,3,2026-08-03,https://liquipedia.net/dota2/The_International/2026
10149530,HULIGANI,sayuw,4,2026-08-03,https://liquipedia.net/dota2/The_International/2026
10149530,HULIGANI,RESPECT,5,2026-08-03,https://liquipedia.net/dota2/The_International/2026
5017210,Team Resilience,YSR-04E,1,2026-08-03,https://liquipedia.net/dota2/The_International/2026
5017210,Team Resilience,Echozz,2,2026-08-03,https://liquipedia.net/dota2/The_International/2026
5017210,Team Resilience,niu,3,2026-08-03,https://liquipedia.net/dota2/The_International/2026
5017210,Team Resilience,planet,4,2026-08-03,https://liquipedia.net/dota2/The_International/2026
5017210,Team Resilience,zzq,5,2026-08-03,https://liquipedia.net/dota2/The_International/2026
726228,Vici Gaming,shiro,1,2026-08-03,https://liquipedia.net/dota2/The_International/2026
726228,Vici Gaming,Xm,2,2026-08-03,https://liquipedia.net/dota2/The_International/2026
726228,Vici Gaming,Bach,3,2026-08-03,https://liquipedia.net/dota2/The_International/2026
726228,Vici Gaming,XinQ,4,2026-08-03,https://liquipedia.net/dota2/The_International/2026
726228,Vici Gaming,y`,5,2026-08-03,https://liquipedia.net/dota2/The_International/2026
2586976,OG,Natsumi,1,2026-08-03,https://liquipedia.net/dota2/OG
2586976,OG,Yopaj-,2,2026-08-03,https://liquipedia.net/dota2/OG
2586976,OG,Raven,3,2026-08-03,https://liquipedia.net/dota2/OG
2586976,OG,TIMS,4,2026-08-03,https://liquipedia.net/dota2/OG
2586976,OG,skem,5,2026-08-03,https://liquipedia.net/dota2/OG
9964962,GamerLegion,Ghost,1,2026-08-03,https://liquipedia.net/dota2/GamerLegion
9964962,GamerLegion,RCY,2,2026-08-03,https://liquipedia.net/dota2/GamerLegion
9964962,GamerLegion,Fayde,3,2026-08-03,https://liquipedia.net/dota2/GamerLegion
9964962,GamerLegion,Bignum,4,2026-08-03,https://liquipedia.net/dota2/GamerLegion
9964962,GamerLegion,Speeed,5,2026-08-03,https://liquipedia.net/dota2/GamerLegion
10150538,LGD Gaming,Yuma,1,2026-08-03,https://liquipedia.net/dota2/LGD_Gaming
10150538,LGD Gaming,Topson,2,2026-08-13,https://liquipedia.net/dota2/The_International/2026
10150538,LGD Gaming,Wisper,3,2026-08-03,https://liquipedia.net/dota2/LGD_Gaming
10150538,LGD Gaming,Thiolicor,4,2026-08-03,https://liquipedia.net/dota2/LGD_Gaming
10150538,LGD Gaming,KJ,5,2026-08-03,https://liquipedia.net/dota2/LGD_Gaming
